id,bracket,commentary,bracket_generated_by,commentary_generated_by,updated_at,news,news_updated_by,news_updated_at,analytics,analytics_generated_by,analytics_generated_at,group_code,match_analyses,commentary_generated_at
1,"{""champion"":""France"",""runnerUp"":""Spain"",""reasoning"":""France's commanding 13.5% championship probability and 21.5% final appearance rate positions them as the clear favorite, with their attacking prowess led by Mbappe. Spain (11.3%) and Argentina (10.2%) form a strong top-3 tier, with the simulation's podium predictions reflecting the concentration of elite talent in European and South American powerhouses. The top 8 quarterfinalists represent a natural breaking point where champion probability and quality depth significantly exceed remaining competitors."",""topScorer"":""Kylian Mbappe"",""thirdPlace"":""Argentina"",""groupWinners"":{""A"":""Mexico"",""B"":""Switzerland"",""C"":""Brazil"",""D"":""USA"",""E"":""Germany"",""F"":""Netherlands"",""G"":""Belgium"",""H"":""Spain"",""I"":""France"",""J"":""Argentina"",""K"":""Portugal"",""L"":""England""},""semiFinalists"":[""France"",""Spain"",""Argentina"",""Brazil""],""groupRunnersUp"":{""A"":""South Korea"",""B"":""Canada"",""C"":""Morocco"",""D"":""Australia"",""E"":""Ecuador"",""F"":""Japan"",""G"":""Iran"",""H"":""Uruguay"",""I"":""Norway"",""J"":""Austria"",""K"":""Colombia"",""L"":""Croatia""},""simulationData"":[{""prob"":""13.5"",""team"":""France"",""finalProb"":""21.5""},{""prob"":""11.3"",""team"":""Spain"",""finalProb"":""18.5""},{""prob"":""10.2"",""team"":""Argentina"",""finalProb"":""17.9""},{""prob"":""8.8"",""team"":""England"",""finalProb"":""15.5""},{""prob"":""8.3"",""team"":""Brazil"",""finalProb"":""15.7""},{""prob"":""7.4"",""team"":""Germany"",""finalProb"":""13.8""},{""prob"":""6.2"",""team"":""Portugal"",""finalProb"":""12.5""},{""prob"":""5.7"",""team"":""Netherlands"",""finalProb"":""11.0""}],""quarterFinalists"":[""France"",""Spain"",""Argentina"",""England"",""Brazil"",""Germany"",""Portugal"",""Netherlands""]}","# Morning Digest

**¡Viva México!** El Tri's clean sheet against South Africa was the statement of Day 1, though with everyone still sitting at zero, nobody capitalized on the upset. South Korea's narrow win over Czechia means we're 2 matches deep and the leaderboard remains frozen—turns out picking your favorite team matters more after they actually play. Through 2 games, home teams are 2-0, scoring 100% of the goals. **Today's must-watch: Find out which matches are actually scheduled, because we've got 70 more to sort out who's got the crystal ball.**",Ramin,daily-cron,2026-06-11T22:29:29.133+00:00,"[{""team"":""Mexico"",""source"":""ESPN"",""urgent"":true,""summary"":""Mexico defeated South Africa 2-0 in the opening match of the 2026 FIFA World Cup at Estadio Azteca in Mexico City. The match made history with three red cards being issued during the game."",""category"":""Match Report"",""headline"":""Mexico dominates South Africa 2-0 in historic World Cup opener""},{""team"":""Argentina"",""source"":""Yahoo Sports"",""urgent"":false,""summary"":""Lionel Messi was diagnosed with muscle fatigue rather than a serious injury after leaving Inter Miami's match in the 73rd minute. Argentina's captain is available for the tournament and has already played in recent tune-up friendlies."",""category"":""Injury"",""headline"":""Messi cleared to play at 2026 World Cup after injury scare""},{""team"":""United States"",""source"":""Yahoo Sports"",""urgent"":false,""summary"":""Center back Chris Richards announced he is ready to play after missing pre-World Cup friendlies due to an ankle injury sustained last month. The USA faces Paraguay in its Group D opener on June 12."",""category"":""Injury"",""headline"":""USA defender Richards ready to play despite ankle injury""},{""team"":""Multiple"",""source"":""ESPN"",""urgent"":false,""summary"":""The 2026 FIFA World Cup kicked off June 11 featuring several firsts: 48 teams instead of 32, 104 total matches, and new regulations including 10-second substitutions and expanded VAR review. The tournament runs through July 19 across the USA, Canada, and Mexico."",""category"":""Team News"",""headline"":""World Cup 2026 begins with 48 teams, 104 matches, new rules""},{""team"":""United States"",""source"":""Fox Sports"",""urgent"":false,""summary"":""Christian Pulisic expressed confidence ahead of the USMNT's Group D match against Paraguay on June 12 in Los Angeles. The AC Milan winger scored and provided an assist in recent warm-up matches and is leading the American squad's World Cup campaign."",""category"":""Match Preview"",""headline"":""Pulisic readies USA for Paraguay opener with confidence""},{""team"":""Japan"",""source"":""FIFA"",""urgent"":false,""summary"":""Japan midfielder Endo has been ruled out of the World Cup with an injury, a significant blow to their tournament hopes. Japan faces Jordan in their opening Group H match on June 13."",""category"":""Injury"",""headline"":""Japan's Endo ruled out with injury before World Cup opener""}]",Ramin,2026-06-11T22:54:33.186+00:00,"{""banter"":""Poor Italy😩😩 living up to their username after 1 match. Spain fan is 0-1 with a team that won't even make it to Canada/USA/Mexico. This league's going to separate the football geniuses from the 'I just picked random countries' crew real quick."",""headline"":""11-Way Tie at the Top After Match 1 - Perfect Predictions Rule"",""luckiest"":""Poor Italy😩😩"",""prediction"":""Germany Fan Since 82 holds the crown by Round 5 - that username has too much experience to be a fluke."",""most_skillful"":""Germany Fan Since 82"",""leader_analysis"":""Germany Fan Since 82 and 10 others nailed the exact goal (E1G0O0W0), suggesting either exceptional analysis or excellent luck with their picks. The early leaders all got the outcome exactly right."",""player_profiles"":[{""tip"":""Lock in your next picks with the same confidence - momentum is your friend"",""style"":""The Frontrunner"",""insight"":""Leading a 11-way tie with perfect early prediction. The name suggests decades of football knowledge paying off."",""username"":""Germany Fan Since 82""},{""tip"":""Italy might not be at WC2026, but your predictions could still shine"",""style"":""The Heartbroken"",""insight"":""That username aged poorly already, but they're still in the mix at 4pts. The emotional investment suggests they care deeply."",""username"":""Poor Italy😩😩""},{""tip"":""Maybe pivot your analysis strategy before round 2"",""style"":""The Struggling Optimist"",""insight"":""0 points after round 1 with a team that won't even qualify. Rough start."",""username"":""Spain fan""},{""tip"":""Engage more aggressively in the next round"",""style"":""The Silent Observer"",""insight"":""On the board but with zero points - either didn't submit or made unlucky picks."",""username"":""Sohrab""}],""biggest_weakness"":""Most players failed to predict the exact goal scoreline, with nearly half the league stuck on 0 points - suggesting WC2026 is going to be unpredictable chaos.""}",AraTotoKing,2026-06-12T04:17:02.024+00:00,Edwin-league,"{""1489369"":{""ts"":1781210087451,""away"":""South Africa"",""home"":""Mexico"",""text"":""Mexico are firmly in control, suffocating a ten-man South Africa side who've burned through three substitutes chasing the game while El Tri's double change at 66' injected fresh energy and delivered an immediate Jimenez goal. The red card to Sithole at 49' was the defining moment — it broke South Africa's defensive shape and handed Mexico the numerical and tactical stranglehold they've ruthlessly exploited. With 22 minutes left against depleted opponents, Mexico look odds-on to see this out comfortably, and **your 2-0 prediction is perfectly on track.**""}}",2026-06-12T08:31:14.329+00:00
1,,"**MORNING DIGEST**

France's statement 3-1 over Senegal and Argentina's clean sheet against Algeria means the favorites are rolling—bad news for everyone chasing Narek's early lead. Norway's 4-1 demolition of Iraq was yesterday's biggest surprise, and if anyone faded on the Scandinavians, they're already bleeding points. Through 20 matches, we've seen just 2 draws—attackers are feasting in this tournament. Today's must-watch: **Brazil vs. Colombia** (3pm ET)—Edwin's title hopes ride on the Seleção delivering.",,daily-cron,2026-06-13T08:51:44.980744+00:00,,,,,,,EDWIN-LEAGUE,{},2026-06-17T08:31:39.576+00:00
1,"{""champion"":""France"",""runnerUp"":""Spain"",""reasoning"":""France emerged as the clear favorite with 14.8% championship probability, driven by superior combined Elo and squad ratings. The convergence of France's probability downward from 18.8% to 14.8% across simulation runs indicates the model is stabilizing around France having roughly 1-in-7 odds, higher than any competitor. France's balanced strength across attacking talent like Mbappe and defensive solidity makes them the most consistent tournament winner across 3000 simulated runs."",""topScorer"":""Kylian Mbappe"",""thirdPlace"":""Argentina"",""groupWinners"":{""A"":""Mexico"",""B"":""Switzerland"",""C"":""Brazil"",""D"":""USA"",""E"":""Germany"",""F"":""Netherlands"",""G"":""Belgium"",""H"":""Spain"",""I"":""France"",""J"":""Argentina"",""K"":""Portugal"",""L"":""England""},""semiFinalists"":[""France"",""Spain"",""Argentina"",""England""],""groupRunnersUp"":{""A"":""South Korea"",""B"":""Canada"",""C"":""Morocco"",""D"":""Australia"",""E"":""Ecuador"",""F"":""Japan"",""G"":""Iran"",""H"":""Uruguay"",""I"":""Norway"",""J"":""Austria"",""K"":""Colombia"",""L"":""Croatia""},""simulationData"":[{""prob"":""14.8"",""team"":""France"",""finalProb"":""22.3""},{""prob"":""11.1"",""team"":""Spain"",""finalProb"":""18.8""},{""prob"":""10.1"",""team"":""Argentina"",""finalProb"":""17.0""},{""prob"":""8.8"",""team"":""England"",""finalProb"":""15.1""},{""prob"":""8.2"",""team"":""Brazil"",""finalProb"":""15.0""},{""prob"":""7.4"",""team"":""Germany"",""finalProb"":""14.1""},{""prob"":""6.1"",""team"":""Portugal"",""finalProb"":""12.8""},{""prob"":""5.5"",""team"":""Netherlands"",""finalProb"":""11.5""},{""prob"":""5.2"",""team"":""Croatia"",""finalProb"":""10.7""},{""prob"":""4.3"",""team"":""Belgium"",""finalProb"":""10.4""},{""prob"":""3.6"",""team"":""Norway"",""finalProb"":""7.1""},{""prob"":""1.9"",""team"":""Mexico"",""finalProb"":""4.8""},{""prob"":""1.8"",""team"":""Colombia"",""finalProb"":""5.3""},{""prob"":""1.7"",""team"":""USA"",""finalProb"":""4.6""},{""prob"":""1.5"",""team"":""Morocco"",""finalProb"":""4.8""},{""prob"":""1.4"",""team"":""Switzerland"",""finalProb"":""4.3""}],""convergenceData"":{""500"":[{""prob"":""18.8"",""team"":""France""},{""prob"":""11.6"",""team"":""Spain""},{""prob"":""11.0"",""team"":""Argentina""}],""1000"":[{""prob"":""17.6"",""team"":""France""},{""prob"":""12.3"",""team"":""Spain""},{""prob"":""10.0"",""team"":""Argentina""}],""2000"":[{""prob"":""15.6"",""team"":""France""},{""prob"":""11.3"",""team"":""Spain""},{""prob"":""10.1"",""team"":""Argentina""}],""3000"":[{""prob"":""14.8"",""team"":""France""},{""prob"":""11.1"",""team"":""Spain""},{""prob"":""10.1"",""team"":""Argentina""}]},""quarterFinalists"":[""Mexico"",""Switzerland"",""Brazil"",""USA"",""Germany"",""Netherlands"",""Belgium"",""Spain"",""France"",""Argentina"",""Portugal"",""England"",""Norway"",""Colombia"",""Croatia"",""Morocco""],""convergenceSummary"":""France's championship probability converged smoothly from 18.8% at 500 runs to 14.8% at 3000 runs, demonstrating model stability and suggesting the true underlying probability is settling around 14-15%."",""methodologySummary"":""The Monte Carlo simulation ran 3000 complete tournament iterations using a Dixon-Coles Poisson model for match predictions, with team strength calculated as 60% Elo rating and 40% squad rating. Each iteration simulated all group stage matches, knockout rounds, and finals to generate empirical probability distributions for tournament outcomes.""}","## Morning Digest

**Norway's 4-1 demolition of Iraq was yesterday's headline**, with the Scandinavians proving they're not here to mess around. The result boosted **Leo's lead to 42 points**—his Germany pick looks shrewder by the day, while Vazrik and Ramin's France squads keep them hunting at 40 and 34 respectively. With only **20 of 72 matches complete**, we're barely a quarter through and the top three are already separating from the pack. **Today's must-watch: keep your eyes on the evening fixture** as more contenders fight to keep their backers in the race.",Ramin,daily-cron,2026-06-12T16:43:54.8+00:00,"[{""team"":""Cape Verde"",""source"":""ESPN"",""urgent"":false,""summary"":""Veteran goalkeeper Vozinha, 40, produced seven saves to earn Cape Verde an incredible draw against reigning European champions Spain. The underdog performance marks one of the tournament's most memorable results."",""category"":""Match Report"",""headline"":""Cape Verde Stun Spain With Historic 0-0 Draw""},{""team"":""Norway"",""source"":""Yahoo Sports"",""urgent"":false,""summary"":""Manchester City star Erling Haaland scored two first-half goals in Norway's dominant 4-1 victory over Iraq in his World Cup debut. Norway added two more goals to begin their tournament in impressive fashion."",""category"":""Match Report"",""headline"":""Erling Haaland Scores Twice in Norway's 4-1 Debut Win""},{""team"":""France"",""source"":""FIFA"",""urgent"":false,""summary"":""Kylian Mbappé scored twice as France defeated Senegal 3-1 in their Group I opener. France showed their attacking prowess in a commanding performance on day six of the tournament."",""category"":""Match Report"",""headline"":""Mbappé Powers France Past Senegal 3-1""},{""team"":""Belgium"",""source"":""ESPN"",""urgent"":false,""summary"":""Egypt held Belgium to a 1-1 draw after leading much of the match through Emam Ashour's strike. Romelu Lukaku forced an own goal minutes after coming off the bench to equalize for Belgium."",""category"":""Match Report"",""headline"":""Belgium and Egypt Battle to 1-1 Draw""},{""team"":""England"",""source"":""Sky Sports"",""urgent"":true,""summary"":""England's Tino Livramento has been ruled out of the World Cup after suffering a calf injury and replaced by Trevoh Chalobah in the squad. England begin their Group L campaign against Croatia on Wednesday."",""category"":""Injury"",""headline"":""Tino Livramento Out With Calf Injury""},{""team"":""Iran"",""source"":""ESPN"",""urgent"":false,""summary"":""Iran and New Zealand produced a thrilling 2-2 draw in Los Angeles despite Iran twice taking the lead. The entertaining match featured Elijah Just's brace for New Zealand to earn their first World Cup point."",""category"":""Match Report"",""headline"":""Iran and New Zealand Play Out Entertaining 2-2 Draw""}]",Ramin,2026-06-17T00:18:25.267+00:00,"{""banter"":""Sohrab, Edwin, Spain Fan, and the Gmail crew out here collecting 0 points like they're speedrunning participation trophies. Meanwhile Verj is getting everything right except... the only thing that matters. That's like showing up to a spelling bee and nailing pronunciation but misspelling every word. 💀"",""headline"":""Leo's Perfect Storm: 3 Exact Predictions Keep Him Clear of the Pack"",""luckiest"":""Raz"",""prediction"":""Leo Ohandjanians wins it - the exact prediction mastery is a skill that compounds over 12 matches, and the competition hasn't shown they can match his precision rate."",""most_skillful"":""Leo Ohandjanians"",""leader_analysis"":""Leo Ohandjanians has cracked the code with 3 exact predictions in just 8 matches - a 37.5% exact rate that's nearly double anyone else. While others chase close calls, Leo is banking the big points and sitting pretty at 24pts with a commanding 6-point lead."",""player_profiles"":[{""tip"":""Keep your current methodology locked down - you're operating on a different level than the field."",""style"":""The Predator"",""insight"":""3 exact predictions out of 8 attempts is elite-level forecasting. Clearly has superior tactical analysis or supernatural foresight."",""username"":""Leo Ohandjanians""},{""tip"":""Tighten your prediction precision - you're close in many matches but missing the exact finish line."",""style"":""The Chaser"",""insight"":""Solid all-rounder with balanced stats (1E, 1G, 4O, 2W) but hasn't yet found the killer exact prediction that separates pretenders from contenders."",""username"":""Andre G""},{""tip"":""Risk more specificity on matches you feel confident about - one more exact could vault you into contention."",""style"":""The Hedge King"",""insight"":""Highest win count (4W) with 4 out of predictions but inconsistent on exactitude. Playing it safe with broader predictions."",""username"":""Narek""},{""tip"":""Study why you're getting the outcome right but everything else wrong - it's a mental approach adjustment away."",""style"":""The Struggler"",""insight"":""6 wins but zero points - a cautionary tale of getting the general direction right while missing every detail that matters in this format."",""username"":""Verj""},{""tip"":""Either recommit with fresh energy or gracefully bow out - half-measures help no one."",""style"":""The Ghosts"",""insight"":""Zero engagement across 29 registered managers suggests tournament fatigue or life priorities shifting - the 6-player goose egg is genuinely concerning."",""username"":""Sohrab & Co.""}],""biggest_weakness"":""Massive inactive participation - 6 managers with zero points suggest they've abandoned ship entirely, while 15+ others are struggling to find their rhythm in an unpredictable tournament.""}",Ramin,2026-06-14T16:29:57.798+00:00,default,"{""1489370"":{""ts"":1781314700591,""away"":""Paraguay"",""home"":""USA"",""text"":""**USA are in complete control, dominating possession at 71% while Paraguay sits deep and offers minimal threat—the Americans look odds-on favorites here with clinical finishing and defensive solidity.**\n\n**Balogun's early impact after his 28th-minute introduction has been the turning point; his goal just three minutes later exposed Paraguay's defensive fragility and shifted momentum decisively in USA's favor.**\n\n**Expect Paraguay to desperately push forward seeking a lifeline in the second half, but USA's superior midfield control and two-goal cushion make another American goal highly probable—the user's 2-1 prediction is optimistic for Paraguay, as a 3-0 or 2-0 final scoreline feels more likely.**""},""1489371"":{""ts"":1781395397894,""away"":""Morocco"",""home"":""Brazil"",""text"":""Brazil's technical superiority in possession (54%) and corner dominance should've delivered a comfortable win, yet Morocco's compact defending and lethal counter-attacking—five goals in the final 30 minutes—has transformed this into a genuine battle where both sides look equally capable of snatching it. The pivotal moment came around the 80-minute mark when Morocco exploded with three rapid substitutions and subsequent goals, completely shifting momentum and suggesting they've identified Brazil's defensive vulnerabilities on the wings. With the match finely poised at 1-1 heading into injury time, Brazil appear slight favorites given their possession control, but Morocco's explosive form makes them odds-on to steal a dramatic winner—the user's confident 2-0 Brazil prediction is decisively off track.""},""1489373"":{""ts"":1781384294649,""away"":""Switzerland"",""home"":""Qatar"",""text"":""Switzerland's suffocating control—69% possession and 24 shots to Qatar's 5—has completely dominated this match tactically, though they've squandered numerous chances and remain vulnerable on the counter. The breakthrough finally came late, but it's been a masterclass in territorial dominance; Switzerland are overwhelming favorites to see this through. With barely a minute remaining, expect Switzerland to run down the clock and secure this 1-0 victory—the user's 0-3 prediction undershoots Switzerland's dominance considerably, though the Qatari defense deserves credit for their resilience against relentless pressure.""},""1539000"":{""ts"":1781291488335,""away"":""Bosnia & Herzegovina"",""home"":""Canada"",""text"":""Bosnia & Herzegovina are showing early intensity despite trailing in possession, with two early shots forcing Canada into a defensive setup—the visitors look like the more dangerous side right now. Canada's inability to convert their possession dominance into clear chances is the critical issue; they're controlling the game territorially but lack penetration, which could prove costly if Bosnia capitalize on a counter-attack. The Canadians need to create genuine scoring opportunities in the next 20 minutes or face an uphill battle—your 2-1 prediction hinges on them finding their attacking rhythm quickly, otherwise a Bosnia upset looms increasingly likely.""}}",2026-06-17T08:31:33.533+00:00
